{
    "path": [
        [3.1291659341500235, 52.68750014925],
        [3.387499266450021, 52.987500148049996],
        [3.7041659318500137, 53.40416681305],
        [3.829165931350019, 53.53750014585],
        [4.3541659292500015, 53.77916681155],
        [4.56249926175002, 53.91250014435],
        [4.920832593650005, 54.00416681065],
        [5.270832592250002, 54.63750014145]
    ],
    "distance_nm": 145.25433797152382,
    "warnings": []
}
