{
  "path": [
    [-7.1187486169500005, 45.24374964195],
    [-9.635415303749994, 43.36458296025],
    [-9.65208197055, 43.34374962675],
    [-9.764581971449985, 43.18541629215],
    [-9.764581971449985, 39.01874959215],
    [-9.731248637850001, 38.86041625755],
    [-9.706248637649992, 38.60624958885],
    [-9.41874863535, 36.97708290915],
    [-9.385415301749987, 36.86041624155],
    [-9.202081966950004, 36.68958290685],
    [-8.956248631649999, 36.585416239349996],
    [-7.864581956249992, 35.88958290045]
  ],
  "distance_nm": 150,
  "warnings": []
}
