{
  "crs": "EPSG:4326",
  "dx": 0.0083333333,
  "dy": 0.0083333333,
  "xmin": -180.0,
  "ymax": 90.0,
  "width": 43200,
  "height": 21600
}
