{
  "crs": "EPSG:4326",
  "dx": 0.0166666667,
  "dy": 0.0166666667,
  "xmin": -180.0,
  "ymax": 90.0,
  "width": 21600,
  "height": 10800
}
