{
  "crs": "EPSG:4326",
  "dx": 0.0041666667,
  "dy": 0.0041666667,
  "xmin": -180.0,
  "ymax": 90.0,
  "width": 86400,
  "height": 43200
}
